,reviews,Date,Score
726,廣告打的那麼大……希望別讓玩家失望！先嘗試看看給3顆,2018年4月23日,4
72,真的非常好玩~我在裡面認識了很多好戰友~大家一起比賽，想一起打進甲子園大賽的意念是一致的^^感謝這款遊戲的誕生,2018年4月17日,5
30,哪時候可以將因為你們遊戲本身出現的bug而封鎖的帳號還我呢？我看都超過半年了!我熬夜打的活動腳色+抽的好卡都沒了!!!!,2018年2月20日,1
0,超好玩,2018年1月15日,5
9,無法下載更新，已嘗試所提供的多種方法，還是一樣。,2018年1月8日,2
1,如果遇到一群有興趣的朋友，會很好玩，但容易燒錢，是有點坑錢的遊戲，請有心理準備,2018年1月2日,3
2,上一筆購買的G幣沒入帳,2017年12月29日,1
3,都登不進去,2017年12月25日,1
16,骰子可以再多一點嗎？,2017年12月24日,5
12,你們的遊戲真的很有趨,2017年12月19日,5
24,超級好玩,2017年12月17日,5
17,很好玩的說,2017年12月16日,5
11,這是我看過最好玩的遊戲,2017年12月15日,5
29,很棒,2017年12月13日,4
25,不錯玩,2017年12月9日,4
15,太好玩了！,2017年12月8日,5
10,請問一下要如何改回原本的登入系統,2017年12月6日,3
27,Nice,2017年12月3日,5
8,無言 點廣告領g 一直閃退…,2017年12月1日,3
22,Good games,2017年11月29日,3
20,很好玩,2017年11月27日,5
28,ok,2017年11月27日,4
13,這個遊戲非常刺激,2017年11月24日,5
18,好好玩呦,2017年11月18日,5
21,很好玩,2017年11月18日,5
19,超好玩,2017年11月15日,5
26,好玩,2017年11月15日,5
14,我都登不進去,2017年11月10日,1
23,不錯玩,2017年11月6日,5
7,有時候想要看人物資料時會閃退，請盡快修正,2017年11月4日,3
4,原本給五顆星，但最近越來越扯，有問題問了，也都不回覆，之前不用幾小時就回，現在都要好幾天，最近更扯快兩個禮拜沒回，就算遊戲用的再好，也是多的，至少該做的事情要做好吧。,2017年11月3日,2
6,建議對戰時聊天跟技能頻道可以跟對手打字聊天，不然只有幾張圖片可以傳送，謝謝！,2017年11月3日,5
5,我身上16萬銀幣買個骰子卡顯示銀幣不足.改版改到爛掉了.該刪遊戲了,2017年10月31日,1
59,讚讚讚,2017年10月31日,5
49,打棒球的樂趣,2017年10月30日,5
57,好玩,2017年10月29日,5
37,光是等就等了老半天爛,2017年10月28日,1
32,我想問一下，我第一支腳色目前在菁英聯盟，我想再創第二個腳色 可是無法轉換腳色如何處理,2017年10月27日,4
61,不錯,2017年10月23日,5
45,這區38隊。。一星期。同一隊遇到四次。。。還真公平抽籤。爛,2017年10月21日,1
42,好玩，不過要跑很久,2017年10月18日,4
35,這遊戲是我玩過最好玩的遊戲,2017年10月14日,5
38,我玩超開心,2017年10月14日,5
39,超級無敵好玩,2017年10月7日,5
36,玩到射出來,2017年10月5日,5
31,是在更新啥小越改越卡看個影片領20g幣還卡在那邊是在啥小,2017年10月4日,1
44,超極好玩,2017年10月4日,5
50,很好玩,2017年10月4日,5
51,非常好玩,2017年10月4日,5
54,good,2017年10月3日,5
43,讀取太久，不夠順暢,2017年10月2日,4
53,好玩,2017年10月1日,5
55,很棒,2017年10月1日,5
56,很棒,2017年9月30日,5
47,不錯玩,2017年9月29日,5
58,好玩,2017年9月29日,5
48,ㄠㄡ,2017年9月28日,4
52,超逼真,2017年9月27日,5
33,好玩！！！,2017年9月26日,5
40,超好玩,2017年9月26日,5
46,超好玩,2017年9月24日,5
34,有七好禮讚,2017年9月23日,5
41,好禮送,2017年9月23日,4
60,不錯,2017年9月23日,5
96,非常好玩又有趣,2017年9月22日,5
120,不錯，畫面可愛，操作簡單,2017年9月18日,5
106,內容太少，後期無聊,2017年9月17日,3
67,好玩！可以長期玩的遊戲！ 但近期多了很多玩家先上中級組去混些5星技能書，然後再回新手組蹂躪新人,2017年9月16日,5
142,超好玩的,2017年9月16日,5
152,好玩,2017年9月15日,5
198,Good,2017年9月15日,5
280,這幾週測試下來真的很好玩的棒球遊戲。 只是抽獎真的很坑，小弟實際測試花了3000金抽兩倍5星10次沒有中半件，最好的不過4星但都是過渡裝，真心建議想玩這遊戲的玩家把金幣拿去買體力藥水比較好，穩固提升能力再慢慢把裝備(球棒，手套，鞋子)道具提升上去，建議新手先在新手聯盟龜一陣子，等裝備搞好再去菁英，不要太早升上去當板凳球員。,2017年9月15日,5
140,還不錯,2017年9月14日,4
91,瘋狂閃退欸 ram 都3G 4G了…,2017年9月13日,1
103,9/13不能分享戰報,2017年9月13日,3
150,好玩,2017年9月13日,5
82,代理到好遊戲就請好好經營吧,2017年9月12日,3
129,超喜歡,2017年9月10日,5
158,好玩,2017年9月10日,5
196,好玩,2017年9月10日,5
77,遊戲好友是原本以為只是廣告而已結果 是一個好玩的遊戲,2017年9月9日,5
90,因為有很多選擇可以玩,2017年9月9日,5
109,好玩！,2017年9月8日,5
124,很好玩的,2017年9月8日,5
69,在霸愚麗時間玩到一半，剛開bp卡的時候，就突然卡住，重新開app也跑不進去。,2017年9月7日,4
101,打發時間的好遊戲,2017年9月7日,5
148,好玩,2017年9月7日,5
74,非常爛，過個畫面讀取最少1分鐘~3分鐘起跳，常閃退，當機，卡畫面,2017年9月6日,1
87,系統自動更新後，就卡在活動中不會動，連卡兩次了,2017年9月6日,4
131,非常好玩,2017年9月5日,5
97,我覺的很好玩,2017年9月4日,5
117,讚！！,2017年9月3日,5
93,希望體力恢復快一點,2017年9月2日,5
95,希望能有點卡功能可以儲！！,2017年9月2日,5
88,戰報不能分享，這兩天突然這樣，儲存空間也夠,2017年9月1日,5
116,玩了才知道,2017年8月30日,5
156,好玩,2017年8月28日,5
113,大家一起來玩,2017年8月27日,5
123,非常好玩,2017年8月27日,5
118,提示聲很好聽，是怎麼用的呢？,2017年8月26日,5
135,很好玩,2017年8月25日,5
141,很好玩,2017年8月25日,5
99,這個遊戲很好玩,2017年8月24日,5
100,因為我想要打棒球,2017年8月24日,5
70,突然無法玩，重新下載最新版本除了以前資料歸0，等級重練外還一直顯示資料需更新即閃退，所以是要告訴我不需要再玩了嗎？,2017年8月23日,1
83,為什麼之前在體驗的時候用過的帳號現在不能用,2017年8月23日,3
85,有些球隊似乎都沒人運作,2017年8月23日,4
105,畫面很幫！！！！！,2017年8月22日,5
143,讚讚,2017年8月22日,5
134,很好玩,2017年8月21日,5
73,很好，可以花時間玩玩看育成又可以線上跟人玩,2017年8月20日,4
119,輕遊戲！小有趣。,2017年8月20日,5
126,很好玩,2017年8月20日,5
136,很好玩,2017年8月20日,5
75,抽裝備要有技巧地抽，命中率依然十分低,2017年8月19日,5
137,超級的好玩,2017年8月18日,5
194,棒棒,2017年8月18日,5
62,"閃退  您好:  很不湊巧的,我手機的記憶體跟容量都還有,網路也很順暢  要不要說說貴app的最低需求是什麼,不然根本無解,別人也遇到閃退了不是嗎?  謝謝",2017年8月17日,1
76,非常好玩，這是我玩的最久的手游了，超耐玩,2017年8月16日,5
104,很好玩又很很有趣,2017年8月16日,5
155,好玩,2017年8月16日,5
147,好玩,2017年8月15日,5
94,！很好玩！,2017年8月13日,5
80,每次比賽的時候都很緊張不錯,2017年8月12日,5
114,再好一點就好,2017年8月12日,5
65,我的手機是Xp會閃退  不知道是什麼問題  前面剛教學完骰子就閃退  重開又要重新教學 很想玩…,2017年8月11日,5
81,很容易打出全壘打 快來玩,2017年8月11日,5
107,喔！,2017年8月11日,5
125,還有練習,2017年8月11日,5
139,還蠻有趣的,2017年8月11日,5
153,好玩,2017年8月11日,5
191,Good,2017年8月11日,5
110,讚超好玩,2017年8月10日,5
149,好玩,2017年8月10日,5
157,好玩,2017年8月10日,5
111,有躲避球就 好了,2017年8月9日,2
132,好好玩,2017年8月9日,5
187,我覺得這個遊戲非常好玩??????????????????????,2017年8月8日,5
127,幾好,2017年8月7日,5
144,好玩,2017年8月7日,4
98,不是自己打球的 無聊,2017年8月6日,1
133,非常有意思,2017年8月6日,5
71,非常好玩，請繼續保持喔。也推薦大家一起玩喔！,2017年8月5日,5
89,非常爛的遊戲，都騙錢的，十連抽的機率比單獨抽還低，而且還跳過重要畫面，客服回應只說純屬機率問題，根本就是騙消費者錢!!!開發者和客服均不用心~請勿輕易上當受騙..,2017年8月5日,1
108,滿好玩的XD,2017年8月5日,5
122,還蠻有趣的,2017年8月5日,5
128,非常好玩,2017年8月5日,5
130,很好玩,2017年8月5日,5
145,好玩,2017年8月5日,5
112,要求太多權限,2017年8月4日,1
146,好玩,2017年8月4日,5
115,有夠好玩的,2017年8月2日,5
121,好好玩,2017年8月2日,5
84,努力得不到回報，角色裝備都是有錢人的專利,2017年8月1日,1
92,角色很可愛，遊戲也很好玩,2017年8月1日,5
86,超級好玩的但是會跳回去,2017年7月31日,4
63,可以建議廠商增加投手技能和球種跟跑者雙盜壘嗎？手遊有這樣設定玩法的話會更耐玩啊。改版了,2017年7月30日,5
64,好遊戲，無誤。如果多一些關卡變化的話會更好。這款甲子園球棒我玩那麼久了，真的希望能建議遊戲開發商每次改版就有新功能。,2017年7月30日,5
66,比打打殺殺的山寨三國、ARPG遊戲好玩多了，休閒式的遊戲就是比較輕鬆，沒太大負擔。我一定支持到底的。又更新,2017年7月30日,5
68,這種休閒的遊戲，比那些RPG簡單有趣多了，推薦給打發時間的人玩。。。 加油,2017年7月30日,5
102,大富翁形式，好有趣,2017年7月29日,5
151,好玩,2017年7月27日,4
78,Q版的人與大富翁結合，非常好玩。,2017年7月26日,5
138,非常好玩,2017年7月26日,5
222,讚！,2017年7月26日,5
159,Good,2017年7月25日,5
79,為什麼更新之後開不進去,2017年7月24日,5
154,有趣,2017年7月24日,5
217,算是佛心的遊戲,2017年7月24日,5
235,很好玩，但更新不了，出了506錯誤代碼,2017年7月24日,4
173,好像不能用臉書邀請好友？還是我的遊戲壞了？是系統的問題嗎？,2017年7月22日,5
184,系統太黑 幫課長投手和中心打線QQ,2017年7月22日,1
192,甲子園打弱隊被黑掉,2017年7月22日,1
197,為何買了降特性的搥子卻無法使用！！,2017年7月21日,3
233,很好玩啦！,2017年7月21日,5
190,希望可以出更多角色,2017年7月18日,5
234,超極無敵好玩,2017年7月18日,5
175,有趣的設定 很好玩的一款棒球養成遊戲!,2017年7月17日,5
214,有點難進去,2017年7月17日,3
185,跟朋友一起玩很有趣,2017年7月16日,5
236,禮送多些,2017年7月16日,4
180,滿好玩的，只是希望不要和其他遊戲一樣走偏了！一款真正的戰爭遊戲，沒有隊友=沒有希望，趕快來玩吧！一起打進甲子園!,2017年7月15日,5
183,體力用太快了，建議體力上限要隨著人物升級而補滿 !,2017年7月15日,5
178,遊戲不錯玩但是最近分享戰報點選無效請盡快處理謝謝,2017年7月14日,3
212,還不錯,2017年7月14日,5
219,無敵好玩,2017年7月14日,5
266,無敵好玩,2017年7月14日,5
220,幾十抽沒好的,2017年7月13日,3
193,很好玩跟別的遊戲不同,2017年7月12日,5
186,給我把我的帳號還來,2017年7月10日,3
226,輕鬆玩，無壓力，很棒,2017年7月10日,5
225,非常有趣，而且人物 好可愛喲！,2017年7月9日,5
213,很耐玩的遊戲,2017年7月8日,4
230,狠殺腦細胞的好遊戲。,2017年7月7日,5
216,裝備難湊,2017年7月6日,5
168,一整個超騙的留言啊工讀生,2017年7月5日,1
277,不錯,2017年7月5日,4
279,????????,2017年7月4日,5
179,好玩，很建議大家來玩，雖然會被電，跟隊友打贏小比分比賽是很開心的,2017年7月3日,5
227,好好玩,2017年7月3日,5
239,體力永遠都不夠.....抖沒幾下就可以下線了....真是好遊戲。,2017年7月3日,3
268,好玩,2017年7月3日,5
275,不錯,2017年7月3日,5
306,已經刪遊戲了 綁一堆時間東西又難抽 我還是再找下一款課金吧,2017年7月3日,1
195,請多開一些新手加入的活動，遊戲本質很好玩，請代理商能以長期經營的方式運作，FB上不要再文字獄，能接受玩家們合理的批評才是一個合格的公司,2017年7月2日,3
271,有趣，好玩,2017年7月1日,5
313,我是四年級考試完玩這個遊戲放鬆,2017年7月1日,5
228,還不錯玩,2017年6月30日,5
182,序號送乾脆點不要綁這綁那的,2017年6月27日,5
209,這個遊戲非常的好玩,2017年6月27日,5
221,簡單操作  團隊遊戲  好玩,2017年6月27日,5
260,進不去,2017年6月27日,2
274,好玩,2017年6月27日,4
174,是個儲錢，收不到東西的遊戲，考慮一下在玩吧,2017年6月26日,1
267,Good,2017年6月25日,5
177,如果沒有可以提升的物品改該怎麼辦,2017年6月24日,5
181,無聊進去很慢,2017年6月24日,5
188,打進甲子園，獎牌一面。 比打練習賽有G幣還爛…… 獎牌還要100個才能換裝 練習賽全贏有400G，換補體的去闖關還比較好，還可以衝能力， 搞得以後大家拼範圍外就好！你們說對吧！,2017年6月24日,4
272,不錯,2017年6月24日,5
160,爛線怎麼玩？準備好再開放吧  結果現在重新下載來玩，教學模式到阿嬤的店裡就閃退....,2017年6月23日,1
199,很慢，常常無法連線，不然就都要連很久，網路都滿格，手機空間也夠，爛死了,2017年6月23日,1
224,看不懂在玩什麼，可是很可愛,2017年6月23日,5
270,好玩,2017年6月23日,5
161,購買的G幣為何還沒下來,2017年6月22日,5
172,好玩，算休閒小品但是比賽過程又刺激，只是G裝真的太難抽了.....一萬多G只抽到四把試作三星裝...抽裝機率可以在修正嗎？,2017年6月22日,5
176,請問送經理的禮物是怎麼取得 商店裡面都看不到？？,2017年6月22日,5
215,不錯~不會死掛機,2017年6月22日,5
164,他都沒有廣告可以推薦大家 玩,2017年6月21日,5
218,體力問題 謝謝,2017年6月21日,3
223,好玩，不課金輕鬆玩~,2017年6月21日,5
276,好玩,2017年6月21日,5
169,如果你們的遊戲不做廣告我會玩 如果廣告做的更吸引觀眾 我就會玩 如果找配音員要找爛的 我也不玩 我知道企劃不是你們可以獨自完成 但是加油 如果以上有羞辱或辱罵的詞語純屬意外,2017年6月20日,3
170,體力太少，超過7天沒上的隊員可以踢掉嗎？整個隊伍都快殭屍化,2017年6月20日,3
210,很棒的遊戲，在眾多免洗遊戲中，你們稱的上是清流,2017年6月20日,5
237,打發時間 沒有壓力的遊戲,2017年6月20日,5
264,不錯,2017年6月20日,5
269,……,2017年6月20日,5
207,這真的很無聊,2017年6月19日,1
238,還不錯玩,2017年6月19日,5
261,好玩,2017年6月19日,5
263,不錯,2017年6月19日,5
265,不賴,2017年6月19日,5
163,簡單直接的遊戲 標準手遊該有的樣子,2017年6月18日,5
167,沒負擔的好遊戲，值得玩,2017年6月18日,5
189,一個要跟上遊戲時間的手游…累,2017年6月18日,3
204,野唔郎 哈哈,2017年6月18日,4
206,好玩又有趣,2017年6月18日,5
231,非常好玩,2017年6月18日,5
232,很好玩！,2017年6月18日,5
273,有趣,2017年6月18日,5
165,這遊戲無壓力，十分適合我這種不氪金的休閒玩家上班族,2017年6月17日,5
205,有趣好玩，大家一起冒險,2017年6月17日,5
278,Gd,2017年6月17日,5
478,太好玩了！,2017年6月17日,5
201,能否有雙殺的設定？,2017年6月16日,4
211,不錯玩還蠻休閒的，可是賽事都要等。,2017年6月16日,5
229,跑很慢ㄟ,2017年6月16日,3
203,遊戲好玩,2017年6月15日,5
259,頓頓的,2017年6月14日,3
162,我覺得大家可以來玩喔我在甲子園等你,2017年6月13日,5
166,看廣告領金幣一點進去一直loading就不動了，麻煩處理一下   出現無法載入廣告  之後NOW LOADING 就不動了  還有 我都只點一次,2017年6月13日,3
208,不知不覺入迷了,2017年6月13日,5
245,棒球是我們台灣國球，共同的記憶與最愛。。建議廠商把這款優良的日本棒球手遊多做一些在地化的改版。比如隊伍名稱及比賽規則。,2017年6月13日,5
171,可以增加角色入手方式嗎，，太困難了，而且出個把原本角色數值轉移的或是重新洗鍊過的道具，初期大家都不會玩，重練很花時間的。。。,2017年6月12日,3
200,好玩的棒球養成遊戲~,2017年6月12日,1
202,這遊戲很好,2017年6月12日,5
262,好玩,2017年6月12日,5
312,不錯玩,2017年6月12日,5
241,可以建議開發廠商增加更多的玩法跟投打技能嗎？訓練的小遊戲是不錯啦，可是要讓玩家玩久一點或儲值的話，就應該一直增加新功能才是啊！對不對？,2017年6月11日,5
252,建議增加可在作戰討論時，不會被洗掉的戰術訊息框。以利指揮者，更方便，且明確的下達作戰指示。,2017年6月11日,5
240,有增加多項特殊技能.很不錯,2017年6月10日,5
243,建議廠商改版時加一些功能 或新技能（比如變化球種類）會更加有趣,2017年6月10日,5
246,這支的美術設計風格很不錯，很可愛動作很萌。,2017年6月10日,5
250,這種日式畫風我個人很喜歡。休閒趣味十足,2017年6月10日,5
253,這次改版我很喜歡，增加不少玩法。多人溝通團隊競賽我也懂了。好玩多了,2017年6月10日,5
305,活動多,2017年6月10日,5
346,非常好玩,2017年6月10日,5
311,我是台版日版皆玩的玩家 在日版玩了將近快八個月 道具幾近爆倉 本人小課金只為買水衝活動 日版很照顧玩家、很敢送、很踏實 在日版交了很多好朋友 玩台版是希望跟著國人一起努力 因為知道這遊戲的主軸很棒 結果日版的主軸“絆”的良善（牽絆） 被台版引進後變成了“絆”（絆腳） 請用心改善,2017年6月9日,1
317,卡登了卡登了卡登了，說三次。,2017年6月9日,3
319,無法登入……,2017年6月9日,2
242,"請問怎麼取消綁定google帳號？我有一個本尊帳號綁在不常用的分身google帳號，本尊的google,帳號被綁了一個分身遊戲帳號",2017年6月8日,5
258,有在進步的遊戲。,2017年6月8日,5
302,有在進步的遊戲。,2017年6月8日,5
314,good,2017年6月8日,5
247,課金1萬還什麼都抽不到,2017年6月6日,1
255,我才玩幾分鐘就上手超讚,2017年6月6日,5
355,還不錯玩,2017年6月6日,5
316,好玩,2017年6月5日,5
349,Up ？？只是要讓我們花g幣吧,2017年6月5日,2
310,不錯，只是體力太少,2017年6月4日,5
244,好玩！,2017年6月3日,5
249,日本遊戲本身不錯玩，可惜被這家代理商搞的很爛，玩到後面很無趣，浪費時間而已,2017年6月3日,2
251,活動設計有夠爛 bp 卷開下去三分鐘一點都不獎勵的獎勵時間就跑出來 我開 bp 卷就是要打活動任務 你這跑出來是要搞三小,2017年6月3日,1
293,綁定了google，帳戶入不到，為什??,2017年6月3日,4
303,??????,2017年6月3日,5
257,請問打周邊商品系統可以改成隨機給嗎？ 所有玩家都知道，系統幾乎都會給你周邊最多的那幾樣，少的越少，多的越多= =,2017年6月2日,2
248,被打爆的港覺真舒暢,2017年6月1日,5
254,"儲值台幣1萬連一個5星都沒有，還敢說up,去fb留言隔天就被刪除，甲子園隊伍一堆台戰裝打輸活動裝，連遊戲都打假球，巴哈一堆工讀生洗古文，裝的好像很多人玩，噁心",2017年5月31日,1
256,官方粉絲團、巴哈狂刪不利留言... 為何不能面對、接納忠實玩家的心聲呢?,2017年5月31日,1
285,拉G遊戲，甲子園還作弊重課金6技裝輸給2技活動裝，臺幣一萬抽不到五星球棒，FB留言還狂刪，巴哈還請工讀生洗留言到置頂活動5/1都過了還在洗留言，一點悔意都沒只知道黑錢,2017年5月31日,1
356,儲值1萬還抽不到5星還說UP~去FB反映~隔天馬上刪除留言~搞獨裁?不想讓人知道你們抽獎多黑?來PLAY商店你們怎麼刪留言!,2017年5月31日,1
309,爛遊戲，輸贏全看電腦，無技術可言，課金也輸無課...騙錢,2017年5月30日,1
345,還可以啦,2017年5月30日,5
347,蠻可愛的，慢慢培育也很好玩，支持,2017年5月30日,5
315,請問一下我手機重整後，人物為何要重新開始!,2017年5月29日,5
354,我很喜歡玩^^,2017年5月28日,5
298,很好玩，可是排名獎勵 可以多一點名額嗎∼ 玩的人很多活動也很多，照顧一下小嗑玩家嘛~~~XD,2017年5月26日,5
290,有抱怨有改善 這次活動還不錯 改一下評論,2017年5月25日,5
358,非常有趣好玩的棒球遊戲。??,2017年5月25日,5
291,漏洞很多技能按了發不出來人物一般技能也有問題,2017年5月24日,1
308,很懷念育成選手的玩法，感謝遊戲團隊的用心~讚,2017年5月23日,5
297,需要14個跟你志同道合的人一起努力 不過打敗強隊很開心,2017年5月22日,5
318,為什麼都登不進去?一直出現必需重新取得資料?,2017年5月22日,4
352,為什麼都登不進去?一直出現必需重新取得資料?,2017年5月22日,4
282,因為遊戲很普通,2017年5月21日,3
301,G幣購買的價格太高了，誠心建議如果價格可以調降為原來的五分之一到六分之一，我應該很樂意購買。但不論是介面或內容，人物造型，都很用心的，實在都做的很棒啊！讓人一玩入迷愛不釋手！,2017年5月21日,5
281,好玩、休閒∼歡迎加好友,2017年5月20日,5
283,很喜歡這個遊戲 但是這兩天一直顯示要重新取得資料，無法登入(害我無法進行活動 寫信給客服也不回應，臉書專頁也不回應，讓人感覺很差,2017年5月20日,1
286,體力   需要很多的飲料才能 但遊戲中   根本很少出現    有感覺到  要買遊戲幣才能升等,2017年5月20日,5
514,很好玩,2017年5月19日,5
288,送經理的禮物太少了 也一直拿不到我要的技能書,2017年5月18日,4
287,想請問一下？本周更新後，蘋果手機就無法登入！也沒有辦法更新了？是否可以幫忙解決一下呢？,2017年5月17日,1
296,釋放技能跟打擊率感覺扯不太上關係， 不放技能反而可能打的比較好 比對手數值高，也沒吃香許多 比對方技能高，也是一般般 有點不知道該如何玩的遊戲,2017年5月17日,3
348,非常好玩,2017年5月17日,5
329,很好玩,2017年5月16日,5
359,就這樣,2017年5月16日,5
284,無法進入遊戲,2017年5月15日,5
289,更新完，重開5次遊戲了，廣告看了上百次，G幣都沒下來，心情太差了。請解決這問題，好嗎？,2017年5月15日,1
292,更新之後廣告的獎勵異常，一直重開也沒用，看11次廣告才成功拿到一次G幣而已,2017年5月15日,3
294,更新後完全不能看廣告…不管登出還是重開機都一樣…網路正常4G+,2017年5月15日,2
295,越來越難玩了,2017年5月15日,3
299,一直要重新登入點廣告才有獎勵，更新後的大問題,2017年5月15日,4
300,廣告無法看耶，呼叫,2017年5月15日,1
304,連續點選廣告，無法連續得到G幣，必須登出5次，才可以得到5次G幣,2017年5月15日,5
307,我也是無法進入遊戲  網路過時  我在把遊戲   解除安裝， 有重新安裝 也是進不去遊戲,2017年5月15日,5
586,還不錯啦可以玩,2017年5月15日,3
428,幾個問題要麻煩客服向日方反應:  1.遊戲耗電量大  2.主程式很佔空間  3.過場動畫很吃資源  4.體力最大值太少，100耐3小時多一點就滿了，希望能出個道具可以讓最大體力變150。  5.如果有有包月服務，一個月49能加50%回體速度我會想包耶...,2017年5月14日,4
326,隊伍有課金沒課金差很多，沒什麼課金的幾乎都打不贏課金的，即使素質比對手強也是一樣;然後還會讓比數只差一分落敗，藉此來吸引人課金,2017年5月10日,1
457,還不錯玩,2017年5月10日,4
412,就是臉黑，抽不到5星,2017年5月9日,5
517,太好玩了,2017年5月9日,5
382,不能玩 偵測到疊層 就這遊戲會是要不要讓我玩阿,2017年5月8日,1
389,很可愛造型 遊玩性很高 可以紓解壓力,2017年5月8日,5
433,很好玩，可是可以把練習的體力值上限高一點嗎？,2017年5月8日,5
456,"很注重團隊的遊戲,好玩",2017年5月8日,5
324,體力消耗太快了，中級的比賽晚上11點才開始，打完都要11點半了，還讓不讓人睡覺啊… 可以提早一點嗎？,2017年5月7日,4
395,希望體力能夠在多，這樣應該會有更多的人會有玩下去的動力,2017年5月7日,5
461,我給一百分,2017年5月7日,5
466,太好玩了 不騙,2017年5月7日,5
335,你們網路頻寬太慢啦，幾乎每次與後端伺服器做資料傳輸時，都要等上五秒以上，而且使用團結卡10分鐘效果，大概就有3~4分鐘浪費在讀取資料以及動畫場景切換等等，有點不合理，骰子點數看來也是不太公平，看起來某些格子被骰到的機會很高。,2017年5月6日,1
388,fb邀請一直失敗 ，點確認後一直卡在白色讀取畫面,2017年5月6日,1
519,非常好玩,2017年5月6日,5
363,真的有團體作戰的感覺的一款遊戲，活動也常換新的，不容易膩,2017年5月5日,5
398,為什麼通知跟音樂全關還會有打擊的提醒音啦！！！真的要搞死我XD？,2017年5月5日,1
434,真的有打棒球的感覺,2017年5月5日,5
414,五星好難抽 角色好難拿,2017年5月4日,5
507,好玩,2017年5月4日,5
332,處理速度太慢，免費G幣根本是不能拿而且卡住等半小時也沒顯示出影片，還說等10秒就好了根本就是在騙人,2017年5月3日,1
391,才初次安裝就不能玩，一直停留在登入畫面，等了20分鐘還進不了遊戲,2017年5月3日,2
462,體力有點太少了,2017年5月3日,5
333,不改善耗電量，然後程式佔空間比大，別家遊戲程式佔比只有320mb 然而你們佔650mb 加上血量又少，並且了無新意,2017年5月1日,1
341,遊戲很好玩，但有一點我強烈建議，透過活動裝備吸引玩家儲值之外，技能筆記建議開放同隊可以交換各取所需，否則後面進來玩的玩家會越來越難玩。,2017年5月1日,4
422,根本沒辦法連 哪招,2017年5月1日,4
321,與隊友溝通時，一句平常的話，常常都會遇到無法使用的文字，連取名字也是，例如：晚上開團結卡，竟然含有無法使用的文字，找到最後竟然是[晚]不能用，還有[嗎]、[貓]等等常用字，都是無法用，這是要我們怎麼溝通，還要一直想用別的字或詞彙取代想表達的意思，還是你們要我們用心電感應的嗎？  全隊技能放一堆，還輸沒放技能或是只放一些的隊伍，AI對戰程式寫的真好∼公平,2017年4月30日,1
392,是否有新的更新程式?沒更新就完全不能登入啊！已經一整天不能進去,2017年4月30日,2
467,一直連不上，跑到99%停下來,2017年4月30日,5
509,遊戲棒棒,2017年4月30日,5
328,你們遊戲很奇怪欸~叫我魂化也是你們~中間你們遊戲閃退!!我在登進去 經一直卡住在魂化那邊。又要找誰來救!?麻煩給個回覆好嗎!?寫信給你們也都沒有在回~真的出問題找誰!? 麻煩給個可以處理遊戲出問題可以負責的人好麻,2017年4月29日,2
379,什麼叫不能登我明明就是4g，真的很爛,2017年4月29日,1
396,...開始玩練習結束，拿到抽獎券換到球棒要準備，就黑色畫面是怎樣，無言，重新關掉再進，新手教學又重來一次，砍了！,2017年4月29日,1
417,感謝公司立刻做出修改，真有效率。辛苦工作人員了,2017年4月29日,4
454,完全沒辦法連線,2017年4月29日,2
473,在這次更新時 94.97%以後卡住,2017年4月29日,1
506,更新都無法連線  怎麼這樣 …………,2017年4月29日,1
393,安裝好遊戲，更新到96%左右就一直說接收不到網路，開Wi-Fi也一樣，哪招啊？,2017年4月28日,1
418,更新跑到96就一直連不上了,2017年4月28日,3
430,我怎麼連抽獎都不能抽,2017年4月28日,5
438,無法下載更新 不能進入遊戲 請問怎麼處理,2017年4月28日,3
492,好玩,2017年4月28日,5
510,很好玩樂趣好多可以團隊合作*^O^*,2017年4月28日,5
369,希望有台版的角色活動,2017年4月27日,5
374,很好的遊戲，但如何獲取更多的經理禮物,2017年4月27日,5
455,團隊合作的概念,2017年4月27日,5
493,Good,2017年4月27日,4
500,好玩,2017年4月27日,5
631,好玩,2017年4月27日,5
362,我第一次跟同學打同款遊戲就是甲子園,2017年4月26日,5
371,還可以玩不會沉,2017年4月26日,5
377,跟兒子一地玩增加親子關係,2017年4月26日,5
386,加人多的學校才能比賽 拜託新人不要再分散了,2017年4月26日,5
394,操作簡單又有趣推薦給中輕度玩家,2017年4月26日,5
405,為什麼道具LV1+LV3=LV2,2017年4月26日,1
410,甲子園你可以再熱血一點,2017年4月26日,5
413,當成台灣?甲子園在玩,2017年4月26日,5
425,隨時可以拿出來玩又不會太難傷腦筋,2017年4月26日,5
427,?一成不變，活動玩法要多變，保持耐玩性!,2017年4月26日,5
437,客服很認真認真的樣子值得佳許,2017年4月26日,5
446,超好玩輕鬆玩,2017年4月26日,5
490,不錯喔,2017年4月26日,5
495,遊戲簡單,2017年4月26日,5
518,好玩,2017年4月26日,5
372,可不過可以多舉辦點送體力水 或 簽到活動?,2017年4月25日,5
401,怎麼都卡在勝利哪裡感覺很爛,2017年4月25日,1
435,懂棒球的就覺得好玩,2017年4月25日,5
459,很可愛的遊戲,2017年4月25日,5
488,還不錯,2017年4月25日,5
343,因為活動而第一次儲值，可是GooglePlay 和中華電信有交易記錄，但是G幣卻沒進帳，請儘速處理!!,2017年4月24日,2
344,看到新的代理公司本來就沒信心  一開始都還正常 到4/25開始 吃相跑出來了 日版有參加活動幾乎就拿的到的新角色 到台版變成要儲值才能拿 又是台灣特別版,2017年4月24日,1
350,對戰組合太不可思議了，連續兩天遇到同一隊。運氣成分太重，一堆新人才開始練的球隊就能排名在前20，這也太誇張了吧…,2017年4月24日,1
366,建議沒上線球員的四項數值要下降,2017年4月24日,5
368,我不小心移除遊戲重載後資料沒了怎麼辦,2017年4月24日,5
421,為什麼會一直閃退,2017年4月24日,3
452,合作遊戲好玩,2017年4月24日,5
477,更根本不能玩,2017年4月24日,1
499,非常好玩,2017年4月24日,5
505,"滿好玩的,希望體力能恢復快點或者容量大點(才100下班回來都滿了QAQ),  另外技能強化希望能一次多本,一本一本強要強很久......   再者踢人機制希望可以完善,  1.超過三天非隊長也要能看到,如果沒有隊長的隊伍可以直接票選一名當隊長,  2.踢人同意後,會送信給其他隊友,讓大家知道要踢人,讓踢人同意後,會送信給其他隊友,讓大家知道要踢人,讓大家去同意,不用在留言在跟大家說(多一個流程麻煩......), ex:小茜:有隊友?時間未上，已,已有一名隊友同意剔除,前往去確認之類的(下面則是直接前往的連結)  最後希望經理技能可以顯示出來,全部特性在""?等""有""?技能""'?作用',不然新手未爬文的都是瞎摸索,亂送亂拿,導致有些新手,難以玩下去,有的會重練有的直接放棄遊戲,實屬可惜。  加油!",2017年4月24日,5
511,特別,2017年4月24日,5
331,試作品都技能四等了 還抽不到五星 應該要設置保底機制，不然運氣差的人抽一百次也沒五星,2017年4月23日,2
351,希望能讓我大家都參加比賽，而不是一個人玩的玩家一直訓練。會變成沒樂趣。,2017年4月23日,4
419,幹跟本就不能玩,2017年4月23日,2
447,爽爽打 快快跑,2017年4月23日,5
451,風格很特別  萌萌的,2017年4月23日,5
463,耐玩的一款 推,2017年4月23日,5
469,很有趣的玩法,2017年4月23日,5
496,超好玩,2017年4月23日,5
508,玩看看,2017年4月23日,5
512,又是一個閃退遊戲...爛爆了!&lt;已刪&gt;,2017年4月23日,1
322,為什麼除剛開始時，可以有3D的打擊和揮棒畫面，之後的只有高空畫面 ... 還是這樣那就沒意思了。,2017年4月22日,4
334,不能執行看影片得g幣活動，怎麼處理？在遊戲設定內向客服提出問題，都沒有回應，現在這遊戲到底要怎麼找客服？,2017年4月22日,2
357,怕帳號遺失明明可以綁定Google或是FB，為什麼一定要拿到我的聯絡人資訊權限？？？ 連玩都不想玩了，秒刪！,2017年4月22日,1
380,很可愛的遊戲風格 人物能力培養，養成很有趣。不錯玩,2017年4月22日,5
383,體力啊∼玩個10分鐘就要休息了，升級也不會體力補滿,2017年4月22日,3
385,有深度耶 我還以為是無腦的遊戲,2017年4月22日,5
387,很喜歡這遊戲的畫風，但是體力稍嫌太少，希望改進體力上限的部分,2017年4月22日,5
397,怕帳號遺失明明可以綁定Google或是FB，為什麼一定要拿到我的聯絡人資訊權限？？？ 連玩都不想玩了，秒刪！,2017年4月22日,1
399,裝備難抽 體力回覆速度快點 就完美了,2017年4月22日,4
423,體力真的可以給多點,2017年4月22日,4
424,剛玩 感覺還可以,2017年4月22日,5
431,假日玩過 上班日要收心,2017年4月22日,5
436,遊戲設計特別有創意 挺一下,2017年4月22日,5
449,非常可愛的人物，我喜歡,2017年4月22日,5
464,要等好久,2017年4月22日,2
474,好玩！,2017年4月22日,5
516,猴塞雷,2017年4月22日,5
384,好難升級哦！   建議每打完一場比賽，都可以增加經驗值，但贏的球隊可以比輸的多增加一些,2017年4月21日,4
404,下載完了怎麼沒送我點數？,2017年4月21日,1
440,下載完了怎麼沒送我點數？,2017年4月21日,1
472,突然無法登入,2017年4月21日,1
497,很好,2017年4月21日,4
376,我覺得挺好玩的ㄛㄛㄛ 遊戲團隊加油！,2017年4月20日,5
458,體力太少∼恢復時間太長,2017年4月20日,4
460,好玩又可愛,2017年4月20日,5
491,還不錯,2017年4月20日,5
342,真的很直爽，：【 為什麼隨手就給人家1星負評？真的有那麼爛嗎？如果那麼爛，怎麼會有幾萬人在玩？開發一個手機遊戲要花多少程式人力、多少美術設計、多少系統支援、多少資金投入（風險）、多少廣告經費、多少運營成本？給你玩免費的，課金不課金還隨便你。你還把人家好不容易開發出來的東西評得像頂新賣回收油那樣！！評個2星，我認為你有點良心，評3星我覺得你還有愛心，評一星是安什麼心？ 對。你猜對了，我也是遊戲開發工程師，我當然感同身受，我至少有同理心。你呢？ 】,2017年4月19日,5
429,好喔。只是奇怪，跑者到了壘還被封殺？安打都被沒收,2017年4月19日,5
432,好玩 這個遊戲時在太好玩了！,2017年4月19日,5
445,好玩建議下載,2017年4月19日,5
448,好玩 真的不錯玩,2017年4月19日,5
450,讚ㄚ。 重溫舊夢,2017年4月19日,5
453,好棒棒 加油加油,2017年4月19日,5
465,OK 地啦,2017年4月19日,5
471,閱讀完整內容,2017年4月19日,5
475,有什麼比打棒球更熱血的？沒有,2017年4月19日,5
479,台灣代表隊加油！,2017年4月19日,5
486,很好玩,2017年4月19日,5
498,打擊很大,2017年4月19日,5
502,讚 讚不絕口,2017年4月19日,5
503,玩起來好累╯﹏╰,2017年4月19日,1
504,讚的膩~~~~~瘋狂好玩,2017年4月19日,5
336,更新後就登不進去，練了兩天卻又不能玩浪費人家時間的破遊戲,2017年4月17日,1
381,轉蛋物品機率低到靠背，想玩的強烈建議別花錢。,2017年4月17日,1
411,就一般般 可以玩 別花,2017年4月17日,4
468,好好玩！,2017年4月17日,5
489,好玩,2017年4月17日,5
325,15個人的隊伍竟然沒有隊長 一堆幽靈沒有隊長不能踢掉 除了這個以外都還滿好玩的,2017年4月16日,4
470,都沒有練習賽，很廢,2017年4月16日,1
365,下載完 跟本就開不了 連玩都懶了,2017年4月15日,1
513,爛爆了,2017年4月15日,1
323,我已經練到一定的程度，而且也認識一些人，錢也花了。結果帳號不見，必須從頭開始，讓我心堳雂ㄛO滋味。心情爛透了。,2017年4月14日,2
330,給你5顆星，我覺得這個遊戲要改一下，因為可不可不要下載檔案嗎，拜託,2017年4月14日,5
353,我昨天儲值My card2000 說儲值成功了不過我沒收到G幣跟時裝!這是怎麼回事?,2017年4月14日,3
406,怎麼說呢…裝備難抽也就算了，推出來的活動一個比一個差勁，活動時間短，體力需求高，要蒐集的物品出現率又低的可憐，遊戲公司給玩家的感覺非常糟糕啊！,2017年4月14日,1
439,希望體力再多點,2017年4月14日,5
487,棒，好玩,2017年4月14日,5
515,簡單,2017年4月14日,5
520,好好玩喔 一領到4星抽獎卷結果是是0張根本沒怎樣,2017年4月14日,1
370,希望幽靈隊趕快消失...要不然每天都玩得好虐心,2017年4月13日,4
415,遊戲不錯 但是體力恢復好久,2017年4月13日,5
416,一開始登錄很慢,2017年4月13日,4
476,一切都是公平對應但選擇都在於自己……,2017年4月13日,5
327,先別說好不好玩，但他們認真寫出為什麼要某一種權限，我已經十分滿意,2017年4月12日,5
367,一堆bug  玩個遊戲也可這麼難,2017年4月12日,5
378,從來沒看過活動一小時前才通告的，隨代理商高興就能突然開活動，下班回到家才知道你開車的路上有活動喔，已經結束了喔，真是好棒棒,2017年4月12日,1
390,光是等介紹的廢話我就不想完玩了,2017年4月12日,1
402,好玩生動的遊戲，類似角色培養的AVG,2017年4月12日,5
426,苗農十歡迎你,2017年4月12日,5
501,好玩,2017年4月12日,5
578,每日免費G幣根本不能領，點了都沒反應,2017年4月12日,4
373,儲值沒入帳！！！ 處理速度不快！,2017年4月11日,1
443,沒有朋友。。。很難找朋友,2017年4月11日,4
485,讚哦,2017年4月11日,5
320,這遊戲需要耐心慢慢練 整體感覺做的不錯 但在送經理禮物這一方面不好 商店根本沒有用遊戲幣能買到的禮物 點?買的都是降數值的禮物,2017年4月10日,3
361,介面可愛討喜 但主角升級可以快一點會更好,2017年4月10日,4
375,必須重新取得資料 （1004）   今天開始就無法登入...,2017年4月10日,3
408,很不錯的遊戲，謝謝你們,2017年4月10日,5
409,人物畫面可愛，還不錯,2017年4月10日,5
444,不錯的養成遊戲,2017年4月10日,5
420,不錯玩 ! 可是我沒有錢,2017年4月9日,5
441,不能比賽？,2017年4月9日,4
481,好玩,2017年4月9日,5
482,還好,2017年4月9日,3
483,不能比賽？,2017年4月9日,4
484,不錯,2017年4月9日,5
494,很好玩,2017年4月9日,5
360,只能練球的棒球遊戲到底是要幹嘛,2017年4月8日,1
364,體力用完，要等超久。只好放棄! 明明是好遊戲，卻.....,2017年4月8日,3
403,找法映1,2017年4月8日,5
585,完全沒打過比賽,2017年4月8日,1
337,體力很快就用光了 建議可以多點體力 例如每升一級就體力滿格 不然遊戲不錯卻很難長時間玩下去,2017年4月7日,5
338,所以，一人球隊是要怎麼玩啦！不能設定在沒有其他玩家時，先用電腦待替嗎？,2017年4月7日,1
339,TMD的一個棒球遊戲 要我的照片跟聯絡人資料幹嘛。傻眼 爛,2017年4月7日,1
340,很有參與團隊的感覺  希望多出一點活動,2017年4月7日,5
400,好易玩  人物生動,2017年4月7日,5
407,好遊戲不多說,2017年4月7日,5
442,不錯玩,2017年4月7日,5
521,明明網路是4G滿格，卻一直斷線,2017年4月7日,4
623,非常好,2017年4月7日,5
592,一直開不進去,2017年4月4日,2
635,好玩,2017年4月3日,5
546,抽選系統過於誇張不停抽到重複隊伍,2017年4月2日,2
548,我喜歡棒球簡直是在打大聯盟一樣,2017年4月2日,5
552,1. 五星機率低到莫名其妙，連活動道具也一樣，一樣錢買BP卡不知道打哪去了 2. 排名機制莫名其妙，對戰系統安排對手方式也讓人無言 3. 遊戲流暢度時好時壞，隊伍管理機制也不方便管理。客服永遠解決不了問題，回覆千篇一律。 遊戲是好遊戲但是代理商無能，基於以上種種建議免費玩玩可以但儲值真的不必,2017年4月2日,2
591,不錯玩,2017年4月2日,5
598,沒辦法玩,2017年4月2日,1
622,喜歡,2017年4月2日,5
544,玩沒幾天就無法登入 顯示登入超時 是不是開始擋海外玩家？ 不給玩就不要亂收錢,2017年4月1日,1
549,球隊不能踢人 一堆米蟲沒辦法踢 根本沒辦法贏球    盡快更改一下 不然一定會有很多玩家離開 遊戲很卡比賽開始頓到結束怎麼玩啊,2017年4月1日,1
632,好玩,2017年4月1日,5
634,很好玩,2017年4月1日,5
543,原來原本可以玩後面卻又不行了,2017年3月31日,3
551,遊戲很好玩，可是代理商太濫，只會坑，修不好的bug直接裝死不回應處理,2017年3月31日,1
572,無聊的遊戲,2017年3月31日,2
581,登錄進去一直連線失敗 跑也跑很久進不去 爛,2017年3月31日,1
593,昨天晚上開始無法進入遊戲，系統出問題了?,2017年3月31日,3
595,體力太少，是缺點,2017年3月31日,5
554,請問什麼時候更換裝備的功能才可以修好 我的手機是ASUS ZenFone 3,2017年3月30日,1
558,登不進去 打開遊戲就一直說 讀取中,2017年3月30日,1
638,Gd,2017年3月30日,5
798,是一個好玩的遊戲 大家一起來玩,2017年3月30日,5
565,爛...沒雙殺也沒高飛犧牲打,2017年3月28日,1
580,宜蘭聯隊十五 歡迎大家加入,2017年3月28日,4
583,想問換機如何沿用原帳號,2017年3月28日,5
584,不錯的遊戲,2017年3月28日,5
594,挺好玩的棒球經營小遊戲  有實況野球的味道,2017年3月28日,4
626,不錯的遊戲,2017年3月28日,5
627,好玩,2017年3月28日,5
630,好玩,2017年3月28日,4
547,讚讚讚讚讚只有一堆 讚 簡單明瞭的練習加上可愛的小人物真是 棒,2017年3月27日,5
555,很好玩的棒球遊戲！是因為可可酒精推薦來玩的，沒想到一玩就迷上了^_^,2017年3月27日,5
556,蠻可愛的畫風 雖然比賽時可操作的少  但還不錯玩,2017年3月27日,4
577,建議時裝增加鞋子， 不然像這次的水手服一樣顏色很難搭????,2017年3月27日,5
624,好玩,2017年3月26日,5
628,Nice,2017年3月26日,5
531,免費獲得G幣，按下去都沒反應，並不會自動跳廣告出來，趕快處理一哩,2017年3月25日,2
538,為什麼15的隊伍會超過18勝的隊伍的排名 這是甚麼制度啊 重沒看過棒球有這樣玩的,2017年3月25日,1
545,要練習沒體力 關卡開始前用體力藥水 結果看完廣告卡視窗 連卡兩次 不開心……,2017年3月25日,1
557,死人比活人多的遊戲 回覆千篇一律鳥系統,2017年3月25日,1
559,儲值後遊戲裡沒更新 打電話也沒人接 寄信太慢了 導致活動跟不上,2017年3月25日,1
589,看到大家的評語，我也有開始玩，很好玩,2017年3月25日,5
590,都買點數下去了卻一直維修……3/16,2017年3月25日,1
637,好玩,2017年3月25日,5
534,剛開服連線品質就這麼差？等正常再重給星星。,2017年3月24日,4
550,還不錯!!只是如果可以自己操作會更好,2017年3月24日,5
569,一人球隊,2017年3月24日,1
573,還滿好玩的,2017年3月24日,5
576,好棒棒,2017年3月24日,5
597,非常有有意思,2017年3月24日,5
636,好玩,2017年3月24日,5
579,經常登入失敗  這遊戲真失敗,2017年3月23日,1
588,臉書無法邀請好友,2017年3月23日,3
529,一個遊戲  球隊系統爛到一個可以  沒辦法踢人沒辦法選人  踢人還要3人以上  球隊只剩自己一人  最後還是一樣   大家分散各地  沒有一所學校 可以好好集中大家在一起,2017年3月22日,1
542,"希望可以踢人,不然有很多沒玩的人占著位置。 也希望活動能多一點",2017年3月22日,5
575,希望玩法可以多元一點,2017年3月22日,5
587,蠻新鮮的！！i like it!!,2017年3月22日,5
600,選手有問題 我每天上線  第一個進去的 結果投球幾乎都是不上線的 狂輸  請改善 讓我可以踢人然後把沒選位子的用板凳,2017年3月22日,5
524,我之前因為手機有些問題沒綁定帳號，現在無法登入，能幫忙嗎？之前登入顯示的帳號是DHKSS906,2017年3月21日,4
553,看廣告送G幣功能無法使用，該怎麼辦，另外無法踢出沒進步或是沒上線的隊友，該怎麼辦,2017年3月21日,5
537,客服信箱不回信就算了，客服電話也不曾有人接過，根本就是騙人的公司,2017年3月20日,1
541,為何沒辦法轉到中級聯盟,2017年3月20日,1
560,Very Good,2017年3月20日,5
570,為何沒辦法轉到中級聯盟,2017年3月20日,1
582,南崁高十五招生喲,2017年3月20日,5
619,但是文字還是異常。。。,2017年3月20日,5
523,明明到一百了還停在那,2017年3月19日,1
525,才下載就不能玩什麼爛東西,2017年3月19日,1
526,小動畫太多了，玩一陣子後會覺的那很煩很拖時間。,2017年3月19日,4
540,好玩但是隊伍太多難集中人打比賽,2017年3月19日,5
563,很好玩,2017年3月19日,5
567,好玩的遊戲,2017年3月19日,5
574,超級好玩~,2017年3月19日,5
620,不錯哦,2017年3月19日,5
625,好玩,2017年3月19日,5
629,好玩,2017年3月19日,5
530,一心只想賺錢沒心在經營的爛遊戲,2017年3月18日,1
535,爛到爆開的代理商 經理等了10幾天 甲子園都要打了 還是沒有解決 寄信也沒用 建議大家不要花錢 哪天就要收起來了 已經有一個遊戲有前車之鑒 Bug一直不改 狂推活動賺錢 說好的補償也沒有 比賽不算成績也沒有,2017年3月18日,1
566,還不錯，但似乎缺少了什麼,2017年3月18日,4
571,好玩的放置遊戲,2017年3月18日,5
618,還蠻好玩的,2017年3月18日,5
621,會盪,2017年3月18日,2
639,好玩,2017年3月18日,5
480,雖然剛開服時幾乎無法遊玩 現在已經可以順暢的遊戲了 但也在一開始流失了大批的玩家 現在同校的玩家只剩1、2個人 還有練習 其他都是幽靈了 這狀態下進軍甲子園已不可能了 無法換校的狀態下 就只能離開,2017年3月17日,5
522,分區有二百多支隊伍，竟然可以在短短二十幾場就重複對戰，這是相當不公平的機制，希望能改進,2017年3月17日,3
527,雖然剛開服時幾乎無法遊玩 現在已經可以順暢的遊戲了 但也在一開始流失了大批的玩家 現在同校的玩家只剩1、2個人 還有練習 其他都是幽靈了 這狀態下進軍甲子園已不可能了 無法換校的狀態下 就只能離開,2017年3月17日,5
528,這樣的設定很難舉行球賽  根本很難組隊  也沒有系統幫忙  是要怎樣玩啊  一直練習   很無聊,2017年3月17日,1
532,沒有中級者聯盟轉學學校,2017年3月17日,2
533,球賽有點不公平，有些少打一天四場球賽，零敗竟然比一些沒有缺賽一敗戰蹟排名還高，希望可以改，不然讓辛苦上線比賽球隊不公平,2017年3月17日,3
536,原本好好玩~ update 之後要聯絡人同電話權限~ 點解要咁做~ 拒絕就玩唔到~ 咁我寧願唔玩~,2017年3月17日,2
539,我們隊伍17勝1敗還在421名，為什麼？,2017年3月17日,5
561,更新完後不能玩,2017年3月17日,1
562,我變成棒球教練了,2017年3月17日,5
564,登入速度太慢，令人不耐,2017年3月17日,3
568,爛……更新就不能上！砍了,2017年3月17日,1
596,我不知道,2017年3月17日,3
599,好好玩Goog,2017年3月17日,5
663,整體來說還不錯，只是如果沒有特別訓練的時候要操兵操很久很可惜,2017年3月17日,4
757,無法存檔一直重玩 以前玩日版的時候沒有這個問題,2017年3月17日,3
779,"強制允許存取通訊錄才能玩,白痴嗎？ 這是甚麼道理？ 我都刪了????",2017年3月17日,1
605,有bug放任利用bug的玩家破壞遊戲平衡 伺服器極度不穩定 抽裝備活動與現實不符(兩倍?爛裝備兩倍吧!) 造成玩家損失又無配套方案 好意思說是跟日方代理遊戲 日方沒有這麼不負責任,2017年3月16日,1
606,好玩,2017年3月16日,5
672,畫面不錯，但是玩家的自主性操作太少了，無法產生個別差異與互動性。另外新舊玩家的能力值差太多，應該用分流做區別。,2017年3月16日,4
711,好玩是好玩  但是都會一直莫名奇妙的就閃退了 請客服多加留意,2017年3月16日,3
738,常常卡在一個讀取畫面進步去遊戲,2017年3月16日,1
792,怎麼儲值了沒給我G幣,2017年3月15日,2
719,爛透了 出包還要玩家自行回報 直接維修有那麼難嗎?,2017年3月14日,1
729,比賽拖太久，一場比賽被迫等三次暫停，總共三十分鐘，真的太冗長了,2017年3月14日,2
768,除了一直維修，全伺服器問題卻要個人單獨email，見鬼的遊戲。,2017年3月14日,1
782,希望桃園區可以在多個新興高中,2017年3月14日,5
643,發生問題處理有點慢，加上不給予補償讓人有點無心繼續遊玩,2017年3月12日,3
659,校園內沒玩的人剩下兩位，沒玩的需要三位同意開出，不然根本不能踢掉，根本無法招募其他玩家，請協助處理一下啊，謝謝  麻煩降低推出條件或者給予隊長權利之類的,2017年3月12日,1
662,好玩是好玩 但是麻煩系統弄好  玩到一半伺服器無法連線  我團隊卡都開下去了 如何賠償,2017年3月12日,5
706,等一場比賽要等那麼久，而已一場比賽打三局又要等十分鐘，唉…希望能改善,2017年3月12日,1
720,一堆字無法輸出 譬如說（嗎）有夠麻煩,2017年3月12日,3
721,看到巴哈有人說有每日登錄bug,2017年3月12日,1
754,有點玩實況野球的感覺， 好玩！ 不過道具配件可以多出一點。,2017年3月12日,5
783,Zenfone3教學到一半會閃退,2017年3月12日,3
617,請問我進入遊戲中點選   球場-＞道具-＞棒球道具就卡住了  其他三個選項都可以 我有寄信至你所說的信箱 並有附影片   但目前尚未有人與我聯絡  那要我怎麼玩下去呢,2017年3月11日,1
671,儲值後收不到g幣，內建的客服系統也無法回報，爛透了寫mall給官方後到現在都兩天了還沒處理，跟詐騙沒兩樣,2017年3月11日,1
694,當機次數也太多了  當機 重開程式 當機 又重開  第一次遇到這麼會當機的程式  接受發佈任務後 就當機,2017年3月11日,1
702,我的經理畫面現在一直出現格式錯誤  （1003） 已有五天 何時能解決？,2017年3月11日,2
708,玩左幾個鐘 再入遊戲要我再下載300幾MB,2017年3月11日,2
741,七天送的四星抽獎券都沒拿到，已經連兩天都沒有,2017年3月11日,5
762,可以將比賽作戰時間縮短！,2017年3月11日,5
601,今天打開不知道為什麼我的練習從100多分鐘變成2000多分鐘才能練習… 遊戲公司可以說一下嗎？,2017年3月10日,3
650,爛，遊戲商出錯不敢認錯，不處理，直接封鎖玩家帳號，勸大家不要儲值，遲早有一天輪到你,2017年3月10日,1
652,利用bug洗道具的不公開名單 只會打什麼重大情節封鎖 啊不就好會玩文字遊戲？？ 賴群裡一堆洗五十幾天登入獎勵的都照樣可以上線遊玩 當正常玩家都白痴嗎？ 爛代理商,2017年3月10日,1
665,太讓人失望了 大富翁式的訓練方式確實讓人感到新鮮 但是比賽方式全自動也太爛了吧 完全不能自己控制 只能放放應援 這樣太無趣了完全失去棒球的意義  只玩能力值真的無聊到爆,2017年3月10日,2
667,最近怎麼那麼常常在維修 三不五時欸 有出活動但在維修 浪費時間,2017年3月10日,3
678,送經理禮物，按了都會出現傳送資料格式錯誤，解決經理問題回覆我還要三到五天，加例假日一個禮拜都過去了，這樣我玩屁啊,2017年3月10日,1
679,這個遊戲很好玩 今天更新完，我的體力顯示1345/100，無法參加任何訓練，喝一罐體力恢復，變成100/100還是無法參加訓練,2017年3月10日,5
684,終於出中文版了，之前有玩過日版，就覺得很不錯,2017年3月10日,5
704,我的經理，一直無法結束，都一直跳出資料格式錯誤就遊戲重開跳出，請快點解決好嗎,2017年3月10日,5
716,預約活動的序號簡訊一直沒寄，寄客服也沒人回，已經一個禮拜還是沒消息,2017年3月10日,3
733,日版已經出很久，還可以一堆bug，那就算了，處理方式又很差,2017年3月10日,1
739,想問為何香港澳門區無學校可以選擇,2017年3月10日,4
748,已經等很久然後還一直亂跳,2017年3月10日,1
770,已經11號 但怎還是一直不定時維修…,2017年3月10日,3
788,不是很好但還可以玩,2017年3月10日,3
795,維修後體力回復要2000多分鐘 這是怎樣？,2017年3月10日,1
612,打完兩個活動現在沒任務沒聯賽 上去刷完體力就沒事做了 覺得有點後繼無力啊…,2017年3月9日,4
651,玩起來還不錯，不過如果可以有揮擊等等動作，不知道有多好。,2017年3月9日,4
681,如果任務能再多點就好了，不然都不知道要幹嘛。,2017年3月9日,5
717,請問誰可以告訴我怎麼製作魂 我把道具用到MAX了還是沒有,2017年3月9日,3
731,中午可以登入，伺服器下午修正後就不行了，系統也太不穩了吧∼,2017年3月9日,1
669,建議球隊改成公會模式自組球隊。正副隊長可以踢除久未上限玩家。維持設定可挖角或轉學。目前系統設定球隊太多。造成玩家分散太廣。很難組隊打比賽。會失去玩家一起打球的樂趣,2017年3月8日,5
736,一直出現【登錄失敗】的字樣！為了自己身體的健康，最好的辦法就是【刪除遊戲】！,2017年3月8日,1
633,聯盟設定不清楚 如果沒辦法整個學校晉升中階聯盟 那要如何才能進入中階聯盟 等級已經到了 但是沒地方去 而且如果進一個位階只能轉學 實在是有點麻煩,2017年3月7日,3
668,棒球道具到底要不要修好…一直不能開少賺了很多100g說，到時候正式比賽在不能用我就要棄game了,2017年3月7日,1
710,很好玩，可是為什麼我每次要在留言版打字都會顯示1015的錯誤呢,2017年3月7日,5
747,請問一下社團要怎麼踢人，是沒有這個系統嗎,2017年3月7日,3
756,我裝備時他叫我放魂 我就沒有 之後不能玩了,2017年3月7日,3
653,現在的遊戲連線品質越來越好了，也希望因為剛開服線路不穩定而離開的朋友們，再給這款遊戲一個機會喔,2017年3月6日,5
657,遊戲內容很棒，個人也很喜歡，但是怎麼道場都是顯示沒有人，小茜也有任務了依然顯示道?沒有人……,2017年3月6日,4
658,連線正常，讀取變快了，官方改善的很快，不過體力太固定，不管等級多高都是固定100，跟其他遊戲比起來，遊戲時間基本就被體力卡死。,2017年3月6日,5
661,好友問題，不是同地區無法加很麻煩，不能更改學校嗎選了一個都沒人學校無法參加比賽阿,2017年3月6日,4
673,不管練習什麼，都只是在按那一條，不用2個小時就想睡了，有夠催眠。至少來點新花樣杯,2017年3月6日,2
611,人物很可愛，這種類型的遊戲挺有趣的，既是養成遊戲但又挺休閒的，我只希望抽獎的機率不要太瞎…之前看評論以為會卡，但連線倒是沒問題呢，遊戲進行很順暢。,2017年3月5日,5
616,在開服前去玩了一下日版 感覺是不錯的遊戲 希望你們能在這段黑暗期把遊戲的連線問題解決 期待之後的遊戲體驗,2017年3月5日,4
670,超級大lag，官方應該是覺得玩家太多所導致，那我就來打低分，幫你們拉低玩家數量吧！,2017年3月5日,1
690,練習的時候動畫都蠻長的，如果可以有跳過的按鈕就好了！,2017年3月5日,3
697,大量是有多大量zzz粉絲團也才一萬出頭，這樣就能擠爆伺服器喔，扯,2017年3月5日,4
698,"一直斷線重連,當初日版剛開時也沒這麼lag",2017年3月5日,1
712,"不要這麼多複雜的學校,隊伍希望可創自己喜歡的名字,原本給一星,有心處理改回五星,加油。",2017年3月5日,5
713,一直連不上一直出現屢次停止連遊戲畫面都進不去搞屁呀！,2017年3月5日,1
714,為什麼我買了 骰子卡12張套組  卻沒有拿到骰子卡,2017年3月5日,4
732,"一直斷線重連,當初日版剛開時也沒這麼lag",2017年3月5日,1
735,現在不能按東西欸 是我手機問題嗎,2017年3月5日,4
742,將伺服器狀況處理好就能得到5星了,2017年3月5日,4
744,雖然真的很容易斷線，不過總體算不錯啦,2017年3月5日,3
749,遊戲不錯  只是讀取有點慢  登入也很久,2017年3月5日,5
760,好遊戲給5星，線路已正常。,2017年3月5日,5
774,好玩但免費取得G幣要怎麼取得,2017年3月5日,5
791,為何我的提前登錄序號說是無效,2017年3月5日,3
603,活動宣傳不錯   可是 要是沒有準備好就一直擴大宣傳   好像就會變的很讓人失望，還是先把遊戲做好吧∼,2017年3月4日,4
604,整個伺服器爛透了，一開始進不去 變好之後一直在訓練 到了要打比賽又在斷根本連不進去 逼人刪遊戲是不是 是在打啥洨棒球 我都看不懂,2017年3月4日,1
607,教學很清楚 操作也很容易上手 以漫畫的角度出發就覺得故事情節好有趣 不過偶爾斷線問題能改善的話 就更棒了 一起前進甲子園,2017年3月4日,5
613,還我兩萬四 買兩次骰子包錢都吃掉 都沒有拿到東西 真的會氣死 這樣新手玩個毛 我ID  連線失敗 請賠償我,2017年3月4日,2
645,怎麼一直連線遇時呢？ 都跳出重登入快兩小時了，還是一樣 這怎麼玩？？ 還是一樣，一直從頭玩，明天在沒改善就不玩嘍,2017年3月4日,1
646,光是連線延遲跟斷線就玩飽了，很少會有開服就這麼誇張的...浪費一個多小時連遊戲都進不去，選好人物跟位置後居然又跳回開頭畫面，先前不斷登入都是白費工，用一顆星來還玩家一個多小時的時間，你們賺到了，恭喜 下午狀態改成了CB測試，可是商城還是開了呢，今天整天耗下來，應該嚇死很多有興趣的玩家了，這樣的連線品質誰敢消費?一張團結卡貴的要死，用下去馬上斷線連不上(誰賠?)，一瓶大罐體力藥水灌下去補滿體力，也是斷線連不上(誰賠?)，不知道該說是凱子還是笨蛋，說是少部分玩家連不上，應該是只有少部分連的上吧，連上了也是隨時會斷，真是讓人只能哈哈苦笑,2017年3月4日,1
648,卡到你不要不要的遊戲品質，1個小時大概有55分鐘都是在讀取，爛到不能再爛,2017年3月4日,1
654,遊戲上架前，有認真的測試嗎？是工程部的怠慢，還是再當兒戲，這樣根本浪費了前置宣傳人員的用心。,2017年3月4日,1
655,這是近幾年玩過連線品質最差的一款遊戲，其餘的手遊就算開測，也不至於那麼誇張，等有改善再更改評價,2017年3月4日,2
656,重新進去為什麼又重一開始的地方玩，我的之前玩的都不見了，而且拿不了事前預約的獎勵,2017年3月4日,3
660,破代理，沒看過一個遊戲讀取這麼久的，隨便點個動作看讀取就飽了，還一直連線錯誤，沒準備好就不用那麼急著出來想收錢,2017年3月4日,1
664,想圓進入甲子園的棒球夢嗎？一起打擊、跑壘、守備，進行穩紮穩打的基本訓練，和好友們一起相約練習會有不同的激勵效果齁??????,2017年3月4日,5
666,商店骰子卡12張一組12000銀幣的  買了完全沒給道具  我買了2次都是一樣結果  銀幣照扣  道具卻沒給,2017年3月4日,1
674,還不錯玩~終於有中文版了！只是現在還是跑比較慢,2017年3月4日,5
675,從早上到現在都無法好好進行遊戲，明明就是貴公司未準備好，還要怪罪是玩家過多的問題，這些本來就是預料中的事嗎？先給一星。,2017年3月4日,1
677,慢誇張，裡反應截圖提交bug卡超過12小時也沒人理，要花錢的請小心,2017年3月4日,1
686,連線不到終於可以玩了超開心等等超久的開心給你們好平,2017年3月4日,3
687,為什麼剛開伺服器 玩不到五分鐘一直斷線 連不到伺服器,2017年3月4日,1
691,我沒玩過這麼爛的伺服器 還真見識到了 佩服,2017年3月4日,1
692,目前玩起來還可以 不過網路常常異常,2017年3月4日,4
693,角色樣子&遊戲導覽做的很好，可惜明明有網路可是常常顯示連線失敗,2017年3月4日,4
695,花12000買股子卡12套組 沒拿到 怎麼回事,2017年3月4日,2
696,把玩家當傻子耍，開服時間沒誠信，伺服器極糟糕，也不關服維修，讓玩家跟蠢蛋一樣一直重連。,2017年3月4日,1
699,雷聲大雨點小，沒有玩棒球的感覺。五星也是洗出來的,2017年3月4日,1
701,一直連線失敗，都已經4g了，不然就是等讀取要1~2分鐘誰會想玩,2017年3月4日,1
703,重新進去為什麼又重一開始的地方玩，我的之前玩的都不見了，而且拿不了事前預約的獎勵,2017年3月4日,3
705,感覺很好玩  但是一直有伺服器問題  無法解決也沒辦法玩了,2017年3月4日,2
707,到底在幹嘛，第一天就搞得那麼難看！麻煩工程師趕快維修，不要浪費時間在那留假評論！！,2017年3月4日,1
709,給你們機會了，一個下午時間被你們爛伺服器搞爛，沒本事別上市,2017年3月4日,1
715,新手任務過完直接斷線，連續好幾次都這樣，直接刪遊戲。處理態度太慢了！,2017年3月4日,1
718,好玩是好玩啦 很新鮮 可是這連線品質真的留不住人阿！！！ 你們不用滿滿的補償留住人心嗎？！,2017年3月4日,5
722,"為什麼一直連線逾時和連線失敗,拜託！！！給我們好好玩遊戲好不好??????",2017年3月4日,4
725,第一次玩過這麼爛的開放服遊戲,2017年3月4日,1
728,連線品質太爛，現在的遊戲已經很少有這樣的情況了，浪費了一個好題材,2017年3月4日,1
730,好遊戲 趕快來玩 找回對棒球的感動吧,2017年3月4日,5
734,沒本事就不要趕著上架 什麼連線品質,2017年3月4日,1
737,給小編五顆星，然後記得幫他加薪 但這連線太爛,2017年3月4日,5
740,一個完全不能玩，被連線等待跟斷線搞壞了興致。,2017年3月4日,1
743,跟本來進去都不行 可以修好在開放嗎,2017年3月4日,1
746,連線真的太爛，等的時間比玩的多太多，動不動就斷線,2017年3月4日,1
751,伺服器都進不去，把這遊戲上架是來賺劣評嗎,2017年3月4日,1
753,遊戲方式不錯，就是現在感覺伺服器不給力，點個東西甚至要跑30秒，有時連進去都不行，期待你們將這些改善後的遊戲體驗????????????????????,2017年3月4日,4
759,等你連線問題好了我在回來玩,2017年3月4日,2
761,進不去，狂斷，團結卡效果10分鐘只打一次=.=,2017年3月4日,1
763,還不錯 但現在一直斷線,2017年3月4日,5
765,一直出問題  或是會連線中斷請改善,2017年3月4日,1
766,第一次遇到這麼會斷線的遊戲,2017年3月4日,3
769,下次應該準備好再開,2017年3月4日,2
772,一直連線失敗要玩屁啊,2017年3月4日,1
775,連線品質改善後再給五星,2017年3月4日,3
777,沒準備好就不要出來開,2017年3月4日,1
780,本人從日版開版開始玩，玩了大約兩年，想說終於有中文，立馬追蹤下載，但是遊戲遊玩品質與日版完全無法比，連線品牌差到一個極致，動不動就斷線，偏偏這遊戲最重連線品質，不然BP券與團結卡甚至是比賽放技能都在連線中渡過，營運商想賺錢，先把連線品質搞好，不然一張10分鐘bp券只能進去練習一次，一直連線中，課長大人們不是笨蛋，遊戲肯定不會像日版一樣長青。,2017年3月4日,1
784,好玩 遊戲內容豐富，但連線速度待加強,2017年3月4日,4
786,每個環節讀取時間有點慢,2017年3月4日,4
790,能不能穩一點啊   一直等就飽了……爛死了……信不用寄了   怒刪,2017年3月4日,1
794,雖然一開始連線讓人很不開心，但是真的開始玩，真的不錯玩，繼續保持喔∼,2017年3月4日,5
796,讀取的時間比玩的時間還多，已刪遊戲，爛透了,2017年3月4日,1
797,網路連線可以更穩定點,2017年3月4日,4
799,連線品質超級爛，等改善再更改評價,2017年3月4日,1
602,給不給玩說好的12點到現在還一直斷線你想怎樣？,2017年3月3日,1
608,網路通訊延遲 我網路60M的 是比別人慢嗎…？ 第一天就出包 改進吧,2017年3月3日,1
609,連線品質超爛 這樣剛開始玩的人就被這連線品質給嚇跑了 趕快改進吧,2017年3月3日,3
610,加油，希望代理商好好經營維護好系統，但先給小編給5星,2017年3月3日,5
614,連線失敗及逾時情況非常嚴重~~希望你們可以把這情況改掉，要不然想玩的人~~都會被搞到沒興趣,2017年3月3日,1
615,已經等很久 好不容易開服 剛開始玩就好像結束了  整個伺服器進都進不去 已經等了一個小時多了  希望能盡快改善,2017年3月3日,1
640,請問3/3號開放下載，3/4號中午能登入，那究竟獎勵是算哪天,2017年3月3日,5
641,給不給玩說好的12點到現在還一直斷線你想怎樣？,2017年3月3日,1
642,明明就滿格卻一直連線逾時 是要怎麼玩阿,2017年3月3日,1
644,為什麼我一直出現網路通訊超時？登不進去，請幫忙解釋,2017年3月3日,5
647,明明WI FI滿格  但總是說連線豫時,2017年3月3日,4
649,看在小編辛苦的份上，來應援一下,2017年3月3日,5
676,好玩喔 這棒球遊戲好特別喔人物好Q 插畫又好笑好風趣  快點來加入甲子園喔,2017年3月3日,5
680,可以下載但還不能登入嗎,2017年3月3日,5
682,Loading都連線失敗及逾時，穩定度差請改善,2017年3月3日,3
683,網路連線正常的狀況下還是太容易連線逾時,2017年3月3日,4
685,唉…連線品質超差玩起來超不爽 還找不到自己的學校,2017年3月3日,1
688,爛遊戲，載老半天進不去，改回去玩全民打棒球算了,2017年3月3日,1
689,容易連不上遊戲容易斷線，可選的學校裡沒半個真正的棒球學校,2017年3月3日,3
700,雖然網路品質不好 但是看在小編份上我給5星,2017年3月3日,5
723,Sony xz 登入不進去 依然完全登不進去,2017年3月3日,1
724,先給五顆 但為何一直登不近啊,2017年3月3日,5
727,簡單易上手，讓人享受猶如j棒球場上熱血的氣氛,2017年3月3日,5
745,剛剛說開機了 現在說伺服器連線失敗,2017年3月3日,3
750,ㄧ直連線連不上要怎玩,2017年3月3日,3
752,操作簡單棒球遊戲小孩最愛快下載,2017年3月3日,5
755,非常爛登一個多小時都登不進去,2017年3月3日,1
758,希望網路連線的問題  趕快處理好,2017年3月3日,5
764,簡單易上手，讓人享受猶如j棒球場上熱血的氣氛,2017年3月3日,5
767,連線逾時很嚴重，明明就網路滿格,2017年3月3日,3
771,這樣的連線品質  真的不要玩,2017年3月3日,1
773,希望大家多支持棒球遊戲囉,2017年3月3日,5
776,連線太爛了吧  都連不上 一直斷線,2017年3月3日,1
778,連線品質真爛，反正這就是台版詬病,2017年3月3日,1
781,好玩好玩，希望製作單位加強伺服器連線功能,2017年3月3日,5
785,一直連線失敗以及逾時,2017年3月3日,1
787,登不進去一直連線逾時,2017年3月3日,1
789,終於等到了 衝阿 前進甲子園,2017年3月3日,5
793,沒想像中好玩 讀取又慢,2017年3月3日,1
